('1', '2'),0.21,motion?|turnoff!
('1', '3'),0.79,nomotion?
('10', '15'),0.92,motion?|turnoff!
('10', '13'),0.08,nomotion?
('11', '14'),1.00,peopleOut.1.main
('12', '15'),1.00,peopleOut.0.main
('13', '16'),1.00,peopleOut.2.main
('14', '17'),1.00,turnoff!
('16', '18'),1.00,turnoff!
('17', '15'),1.00,peopleOut.1.main
('18', '15'),1.00,peopleOut.2.main
('2', '5'),1.00,nomotion?
('3', '4'),0.60,motion?|turnoff!
('3', '6'),0.40,nomotion?
('4', '7'),1.00,nomotion?
('5', '4'),0.09,motion|turnoff!
('5', '7'),0.62,turnoff!motion?
('5', '8'),0.29,nomotion?
('6', '9'),1.00,peopleOut.0.main
('7', '10'),0.68,nomotion?
('7', '15'),0.32,motion?|turnoff!
('8', '11'),1.00,nomotion?
('9', '12'),1.00,turnoff!
('initial', '1'),1.00,
