('1', '2'),0.74,motion?|turnoff!
('1', '3'),0.26,nomotion?
('10', '15'),0.41,motion?|turnoff!
('10', '13'),0.59,nomotion?
('11', '14'),1.00,peopleOut.1.main
('12', '15'),1.00,peopleOut.0.main
('13', '16'),1.00,peopleOut.2.main
('14', '17'),1.00,turnoff!
('16', '18'),1.00,turnoff!
('17', '15'),1.00,peopleOut.1.main
('18', '15'),1.00,peopleOut.2.main
('2', '5'),1.00,nomotion?
('3', '4'),0.82,motion?|turnoff!
('3', '6'),0.18,nomotion?
('4', '7'),1.00,nomotion?
('5', '4'),0.17,motion|turnoff!
('5', '7'),0.81,turnoff!motion?
('5', '8'),0.02,nomotion?
('6', '9'),1.00,peopleOut.0.main
('7', '10'),0.50,nomotion?
('7', '15'),0.50,motion?|turnoff!
('8', '11'),1.00,nomotion?
('9', '12'),1.00,turnoff!
('initial', '1'),1.00,
