('1', '2'),0.76,motion?|turnoff!
('1', '3'),0.24,nomotion?
('10', '15'),0.84,motion?|turnoff!
('10', '13'),0.16,nomotion?
('11', '14'),1.00,peopleOut.1.main
('12', '15'),1.00,peopleOut.0.main
('13', '16'),1.00,peopleOut.2.main
('14', '17'),1.00,turnoff!
('16', '18'),1.00,turnoff!
('17', '15'),1.00,peopleOut.1.main
('18', '15'),1.00,peopleOut.2.main
('2', '5'),1.00,nomotion?
('3', '4'),0.91,motion?|turnoff!
('3', '6'),0.09,nomotion?
('4', '7'),1.00,nomotion?
('5', '4'),0.27,motion|turnoff!
('5', '7'),0.23,turnoff!motion?
('5', '8'),0.50,nomotion?
('6', '9'),1.00,peopleOut.0.main
('7', '10'),0.33,nomotion?
('7', '15'),0.67,motion?|turnoff!
('8', '11'),1.00,nomotion?
('9', '12'),1.00,turnoff!
('initial', '1'),1.00,
