('1', '2'),1,initialise
('10', '15'),1,listfiles
('11', '13'),1,appendfile
('12', '13'),0.26,storefile
('12', '15'),0.74,logout
('13', '15'),1,logout
('14', '15'),1,logout
('15', '16'),1,disconnect
('2', '3'),1,connect
('3', '4'),1,login
('4', '14'),0.43,storefile
('4', '5'),0.36,changedir
('4', '6'),0.04,listfiles
('4', '7'),0.06,makedir
('4', '8'),0.11,setfiletype
('5', '9'),1,listnames
('6', '10'),0.4,changedir
('6', '15'),0.6,logout
('7', '15'),1,logout
('8', '12'),0.81,rename
('8', '11'),0.19,storefile
('9', '14'),1,appendfile
('initial', '1'),1,
