('1', '2'),1,initialise
('10', '15'),1,listfiles
('11', '13'),1,appendfile
('12', '13'),0.79,storefile
('12', '15'),0.21,logout
('13', '15'),1,logout
('14', '15'),1,logout
('15', '16'),1,disconnect
('2', '3'),1,connect
('3', '4'),1,login
('4', '14'),0.37,storefile
('4', '5'),0.39,changedir
('4', '6'),0.15,listfiles
('4', '7'),0.03,makedir
('4', '8'),0.06,setfiletype
('5', '9'),1,listnames
('6', '10'),0.07,changedir
('6', '15'),0.93,logout
('7', '15'),1,logout
('8', '12'),0.25,rename
('8', '11'),0.75,storefile
('9', '14'),1,appendfile
('initial', '1'),1,
